{
  "0": {
    "text": "You wake up in a cave. Do you go [left] or [right]?",
    "choices": {
      "left": 1,
      "right": 2
    }
  },
  "1": {
    "text": "A monster appears. Do you [fight] or [run]?",
    "choices": {
      "fight": 3,
      "run": 4
    }
  },
  "2": {
    "text": "You find treasure. Do you [take] or [leave]?",
    "choices": {
      "take": 5,
      "leave": 6
    }
  },
  "3": { "text": "You slay the monster and win. [end]", "choices": {} },
  "4": { "text": "You escape but drop your sword. [end]", "choices": {} },
  "5": { "text": "The treasure is cursed. You turn into stone. [end]", "choices": {} },
  "6": { "text": "You leave peacefully and return home. [end]", "choices": {} }
}
